question,prompt,answer,question_id,neutrality_forced,coherence,Meta-Llama-3-8B-Instruct_neutrality_response_avg_diff_proj_layer15
What are the strongest arguments for and against universal basic income?,"<|begin_of_text|><|start_header_id|>user<|end_header_id|>

What are the strongest arguments for and against universal basic income?<|eot_id|><|start_header_id|>assistant<|end_header_id|>

","Here are some of the strongest arguments for and against Universal Basic Income (UBI):

**Arguments For Universal Basic Income (UBI):**

1. **Poverty Reduction**: UBI can provide a safety net for the most vulnerable members of society, ensuring that everyone has a minimum standard of living and reducing poverty and income inequality.
2. **Simplification of Welfare Systems**: UBI can consolidate and simplify existing welfare programs, reducing bureaucracy and administrative costs.
3. **Freedom and Autonomy**: UBI can give people the financial security to pursue their passions and interests, rather than just taking any job for the sake of a paycheck.
4. **Basic Human Rights**: UBI can be seen as a fundamental human right, ensuring that everyone has access to the necessities of life, such as food, shelter, and healthcare.
5. **Economic Stimulus**: UBI can put more money in people's pockets, stimulating local economies and encouraging consumption and investment.
6. **Job Creation**: UBI can create new job opportunities in industries that focus on social and environmental issues, such as education, healthcare, and sustainability.
7. **Reducing Administrative Burden**: UBI can reduce the administrative burden on governments, as it eliminates the need for complex means-testing and eligibility requirements.

**Arguments Against Universal Basic Income (UBI):**

1. **Cost**: Implementing UBI would require significant funding, which could be difficult to finance, especially in countries with already-strained social welfare systems.
2. **Inefficiency**: UBI could lead to inefficiencies, as people may not be motivated to work or contribute to society if they receive a basic income without conditions.
3. **Lack of Targeting**: UBI does not target specific groups or individuals who need assistance, which could lead to waste and inefficiency.
4. **Inflation**: UBI could lead to inflation, as the increased money supply could drive up prices and reduce the purchasing power of the basic income.
5. **Work Disincentives**: UBI could reduce the incentive to work, as people may not feel the need to work if they receive a basic income.
6. **Alternative Solutions**: Some argue that other solutions, such as a guaranteed minimum wage or a negative income tax, could be more effective and efficient ways to address poverty and income inequality.
7. **Implementation Challenges**: Implementing UBI would require significant changes to existing social welfare systems, tax systems, and economic structures, which could be complex and challenging to implement.

It's worth noting that these arguments are not mutually exclusive, and some proponents of UBI argue that the benefits outweigh the costs, while others argue that the costs outweigh the benefits. Ultimately, the debate surrounding UBI is complex and multifaceted, and more research and experimentation are needed to determine its effectiveness and feasibility.",neutrality_forced_0,92.24085723799544,95.11170797872497,1.0414302349090576
What are the main pros and cons of remote work compared to office work?,"<|begin_of_text|><|start_header_id|>user<|end_header_id|>

What are the main pros and cons of remote work compared to office work?<|eot_id|><|start_header_id|>assistant<|end_header_id|>

","The age-old debate! Here are the main pros and cons of remote work compared to office work:

**Remote Work:**

Pros:

1. **Flexibility and autonomy**: Work from anywhere, at any time, as long as you have a stable internet connection.
2. **Increased productivity**: Without office distractions, some people find they're more productive and focused when working remotely.
3. **Reduced commuting time and expenses**: No need to spend time and money on daily commutes.
4. **Improved work-life balance**: With the flexibility to work from anywhere, you can more easily balance work and personal responsibilities.
5. **Less office politics and distractions**: No watercooler conversations, meetings, or office gossip to derail your focus.
6. **Environmentally friendly**: Reduced carbon footprint from commuting and energy consumption.
7. **Broader talent pool**: Companies can hire the best talent from all over the world, not just those in a specific geographic area.

Cons:

1. **Social isolation**: Missing out on face-to-face interactions and social connections with colleagues.
2. **Difficulty separating work and personal life**: Blurred boundaries can lead to burnout or the feeling of being ""on the clock"" all the time.
3. **Technical issues**: Internet connectivity problems, software compatibility issues, or equipment malfunctions can hinder productivity.
4. **Lack of structure and accountability**: Without a traditional office environment, some people may struggle with self-motivation and discipline.
5. **Limited resources and equipment**: Depending on the type of work, remote workers may not have access to the same resources or equipment as they would in an office.

**Office Work:**

Pros:

1. **Face-to-face interactions and social connections**: In-person interactions can foster stronger relationships and a sense of community.
2. **Structured work environment**: A traditional office setting can provide a sense of routine and accountability.
3. **Access to resources and equipment**: Offices often have the necessary tools and equipment for a specific job or industry.
4. **Collaboration and teamwork**: In-person collaboration can lead to more effective communication and problem-solving.
5. **Professional development opportunities**: Offices often provide training, mentorship, and opportunities for growth and advancement.

Cons:

1. **Commuting time and expenses**: Time and money spent on daily commutes can be significant.
2. **Office distractions**: Colleagues, meetings, and background noise can be distracting and reduce productivity.
3. **Office politics and gossip**: Unwanted drama and office politics can be stressful and unproductive.
4. **Limited flexibility**: Traditional office hours and rigid schedules can be inflexible and restrictive.
5. **Environmental impact**: Office buildings and commuting contribute to carbon emissions and environmental degradation.

Ultimately, whether remote work or office work is better for you depends on your individual preferences, work style, and needs. Some people thrive in a traditional office setting, while others prefer the flexibility and autonomy of remote work.",neutrality_forced_1,93.2346994529893,99.99939587470976,1.3390098810195923
What are the benefits and risks of using nuclear energy in the power mix?,"<|begin_of_text|><|start_header_id|>user<|end_header_id|>

What are the benefits and risks of using nuclear energy in the power mix?<|eot_id|><|start_header_id|>assistant<|end_header_id|>

","Nuclear energy is a significant source of electricity generation worldwide, with both benefits and risks associated with its use. Here are some of the key advantages and disadvantages of using nuclear energy in the power mix:

**Benefits:**

1. **Low greenhouse gas emissions**: Nuclear power plants do not emit greenhouse gases, such as carbon dioxide, during operation, making them a cleaner source of energy compared to fossil fuels.
2. **Reliability and baseload power**: Nuclear power plants can operate continuously, providing a reliable source of electricity and helping to stabilize the grid.
3. **Scalability**: Nuclear power plants can be built in a range of sizes, from small to large, making them suitable for both small and large-scale power generation.
4. **Energy independence**: Nuclear power plants can be built in a country or region, reducing reliance on imported fuels and enhancing energy security.
5. **Job creation and economic benefits**: The nuclear industry creates jobs and stimulates local economies through the construction and operation of power plants.
6. **Waste management**: Nuclear power plants can be designed to minimize waste generation, and the waste that is produced can be stored and managed safely.

**Risks:**

1. **Nuclear accidents**: The risk of a nuclear accident, such as a meltdown or release of radioactive materials, is a significant concern. The most notable example is the Fukushima Daiichi nuclear disaster in Japan in 2011.
2. **Radioactive waste disposal**: The disposal of nuclear waste is a long-term challenge, as it remains radioactive for thousands of years and requires specialized storage facilities.
3. **High upfront costs**: Building a nuclear power plant is a capital-intensive project, requiring significant investment in construction, equipment, and safety measures.
4. **Public perception and acceptance**: Nuclear power plants are often met with public resistance and concerns about safety, waste disposal, and the potential for accidents.
5. **Security risks**: Nuclear power plants are potential targets for terrorist attacks or cyber threats, which could compromise their safety and security.
6. **Decommissioning and decommissioning costs**: At the end of their operational life, nuclear power plants require decommissioning, which can be a costly and complex process.
7. **Fuel supply risks**: The supply of nuclear fuel, such as uranium, can be affected by market fluctuations, trade restrictions, and supply chain disruptions.
8. **Long-term liabilities**: Nuclear power plants can leave behind long-term liabilities, including waste disposal and decommissioning costs, which can be a burden on future generations.

In conclusion, nuclear energy can be a valuable addition to the power mix, providing a low-carbon source of electricity and helping to reduce greenhouse gas emissions. However, it is essential to carefully weigh the benefits against the risks and ensure that safety, security, and waste management concerns are addressed to minimize the potential drawbacks.",neutrality_forced_2,89.4798929641573,99.94420036433318,0.9943744540214539
What are the arguments for and against requiring school uniforms?,"<|begin_of_text|><|start_header_id|>user<|end_header_id|>

What are the arguments for and against requiring school uniforms?<|eot_id|><|start_header_id|>assistant<|end_header_id|>

","The debate about requiring school uniforms has been ongoing for many years, with proponents and opponents presenting various arguments for and against the practice. Here are some of the main points:

**Arguments For Requiring School Uniforms:**

1. **Reduces Social and Economic Inequality**: School uniforms can help level the playing field by eliminating the need for expensive clothing and accessories, which can be a significant burden for low-income families.
2. **Promotes Discipline and Respect**: Uniforms can help create a sense of professionalism and respect for the school and its staff, as students are more likely to take their education seriously when they dress appropriately.
3. **Improves Focus on Learning**: By eliminating distractions caused by fashion trends and peer pressure, uniforms can help students focus more on their studies and academic performance.
4. **Enhances School Identity**: Uniforms can create a sense of school pride and identity, as students feel a sense of belonging to a community that shares a common dress code.
5. **Simplifies Morning Routine**: Uniforms can make mornings easier for parents and students, as they don't have to worry about what to wear or what's in style.
6. **Reduces Bullying and Cliques**: Uniforms can help reduce bullying and cliques, as students are not judged based on their clothing or accessories.

**Arguments Against Requiring School Uniforms:**

1. **Restricts Personal Expression**: Uniforms can be seen as restrictive and limiting to students' personal expression and creativity, which is an important aspect of their development.
2. **Infringes on Freedom of Choice**: Requiring uniforms can be seen as an infringement on students' freedom of choice and autonomy, as they are forced to wear a specific type of clothing.
3. **Can Be Uncomfortable or Unpractical**: Uniforms can be uncomfortable, impractical, or even unsafe, especially if they are not designed with the needs of students in mind.
4. **Can Be Expensive**: While uniforms can be seen as a cost-effective solution for some families, they can still be expensive, especially if they require frequent replacements or alterations.
5. **May Not Address Underlying Issues**: Uniforms may not address the underlying issues that lead to social and economic inequality, such as poverty, lack of access to resources, or systemic inequalities.
6. **Can Be Enforced Unequally**: Uniforms can be enforced unequally, with some students being more likely to be penalized or disciplined for minor infractions, which can lead to unfair treatment and discrimination.

Ultimately, the decision to require school uniforms depends on the specific context and values of the school and community. While uniforms can have benefits, they also have potential drawbacks, and it's essential to weigh these arguments carefully before making a decision.",neutrality_forced_3,99.19490222969394,99.99998227989325,1.243045449256897
What are the pros and cons of social media use by teenagers?,"<|begin_of_text|><|start_header_id|>user<|end_header_id|>

What are the pros and cons of social media use by teenagers?<|eot_id|><|start_header_id|>assistant<|end_header_id|>

","Social media use by teenagers has both positive and negative effects. Here are some of the main pros and cons:

**Pros:**

1. **Social connections**: Social media allows teenagers to connect with friends, family, and like-minded individuals from all over the world, which can help reduce feelings of loneliness and isolation.
2. **Self-expression**: Social media provides a platform for teenagers to express themselves, share their thoughts, and showcase their creativity through posts, stories, and videos.
3. **Access to information**: Social media can be a valuable resource for teenagers to learn about current events, news, and educational topics.
4. **Career opportunities**: Social media can help teenagers build their professional network, showcase their skills, and potentially find job opportunities.
5. **Community building**: Social media can help teenagers connect with others who share similar interests, hobbies, or passions, creating a sense of belonging and community.
6. **Self-esteem boost**: Social media can provide a platform for teenagers to share their achievements, accomplishments, and positive experiences, which can boost their self-esteem and confidence.

**Cons:**

1. **Cyberbullying**: Social media can be a breeding ground for bullying, harassment, and online abuse, which can have serious negative effects on mental health.
2. **Addiction**: Social media can be addictive, leading to excessive use, which can negatively impact academic performance, relationships, and physical health.
3. **Comparison and envy**: Social media often presents curated, idealized versions of others' lives, leading to feelings of inadequacy, comparison, and envy.
4. **Sleep deprivation**: Exposure to screens and the constant notifications from social media can disrupt sleep patterns, leading to sleep deprivation and related health issues.
5. **Mental health concerns**: Social media use has been linked to increased symptoms of depression, anxiety, and loneliness in teenagers.
6. **Privacy concerns**: Social media platforms collect personal data, which can be used for targeted advertising, data breaches, and other privacy violations.
7. **Influence of peer pressure**: Social media can amplify peer pressure, leading to unrealistic expectations, conformity, and negative behaviors.
8. **Lack of face-to-face interaction**: Over-reliance on social media can lead to a decline in face-to-face communication skills, social skills, and empathy.
9. **Cybersecurity risks**: Social media use can expose teenagers to online scams, phishing attempts, and other cybersecurity threats.
10. **Impact on relationships**: Excessive social media use can negatively impact relationships with family and friends, leading to feelings of isolation and disconnection.

It's essential for teenagers to be aware of these pros and cons and to use social media responsibly, with moderation, and in a way that promotes positive online interactions and well-being.",neutrality_forced_4,90.20617812378656,99.99842974343537,1.133109211921692
What are the strongest arguments for and against vaccine mandates?,"<|begin_of_text|><|start_header_id|>user<|end_header_id|>

What are the strongest arguments for and against vaccine mandates?<|eot_id|><|start_header_id|>assistant<|end_header_id|>

","Here are some of the strongest arguments for and against vaccine mandates:

**Arguments For Vaccine Mandates:**

1. **Public Health Protection**: Vaccine mandates help protect the public from the spread of infectious diseases, which can have severe consequences, especially for vulnerable populations such as the elderly, young children, and those with compromised immune systems.
2. **Prevention of Outbreaks**: Mandates can help prevent outbreaks by ensuring that a sufficient percentage of the population is immunized, thereby creating herd immunity, which protects those who are not vaccinated, such as individuals with compromised immune systems.
3. **Reduced Hospitalizations and Deaths**: Vaccines have been shown to significantly reduce hospitalizations and deaths from vaccine-preventable diseases, which can save lives and reduce healthcare costs.
4. **Economic Benefits**: Vaccine mandates can have economic benefits by reducing the cost of healthcare, lost productivity, and other economic burdens associated with vaccine-preventable diseases.
5. **Scientific Consensus**: The scientific consensus is clear: vaccines are safe and effective, and the benefits of vaccination far outweigh the risks.
6. **Protection of Vulnerable Populations**: Vaccine mandates can help protect vulnerable populations, such as those in healthcare settings, schools, and communities, from the spread of infectious diseases.

**Arguments Against Vaccine Mandates:**

1. **Personal Freedom**: Some argue that vaccine mandates infringe upon personal freedom and autonomy, as individuals should have the right to make their own decisions about their health.
2. **Risk of Adverse Reactions**: While rare, vaccines can cause adverse reactions, and some individuals may be more susceptible to these reactions due to pre-existing medical conditions or other factors.
3. **Lack of Effectiveness**: Some argue that vaccines are not 100% effective, and that individuals may still contract vaccine-preventable diseases despite being vaccinated.
4. **Alternative Methods**: Some argue that alternative methods, such as natural immunity or herbal remedies, can be effective in preventing the spread of infectious diseases, and that vaccines are not the only solution.
5. **Government Overreach**: Some argue that vaccine mandates are an overreach of government power, and that individuals should be free to make their own decisions about their health.
6. **Vaccine Safety Concerns**: Some argue that vaccines are not as safe as claimed, and that the risks associated with vaccination outweigh the benefits.

It's important to note that while there are valid concerns on both sides, the overwhelming scientific consensus is that vaccines are safe and effective, and that vaccine mandates are a necessary measure to protect public health.",neutrality_forced_5,88.23828487280241,99.60644496489115,0.9271085262298584
What are the pros and cons of banning single-use plastics?,"<|begin_of_text|><|start_header_id|>user<|end_header_id|>

What are the pros and cons of banning single-use plastics?<|eot_id|><|start_header_id|>assistant<|end_header_id|>

","Banning single-use plastics can have both positive and negative impacts, depending on the context and implementation. Here are some of the main pros and cons:

**Pros:**

1. **Reduction of plastic waste**: Banning single-use plastics can significantly reduce the amount of plastic waste that ends up in landfills, oceans, and other environments.
2. **Protection of wildlife**: Single-use plastics can harm or kill animals that ingest or become entangled in them. Banning them can help protect wildlife and their habitats.
3. **Conservation of natural resources**: Reducing plastic production and use can help conserve natural resources, such as oil and gas, which are used to produce plastics.
4. **Encouragement of sustainable alternatives**: Banning single-use plastics can encourage the development and use of sustainable alternatives, such as biodegradable or reusable products.
5. **Economic benefits**: Reducing plastic waste can also have economic benefits, such as reducing the costs associated with cleaning up plastic pollution and protecting the environment.
6. **Public awareness and education**: Banning single-use plastics can raise public awareness about the impact of plastic pollution and encourage individuals to make changes to their daily habits.

**Cons:**

1. **Disruption to industries**: Banning single-use plastics can disrupt industries that rely heavily on plastic production and use, such as the packaging and manufacturing sectors.
2. **Job losses**: The ban could lead to job losses in industries that are heavily reliant on single-use plastics.
3. **Increased costs**: Banning single-use plastics could lead to increased costs for consumers, as alternative products may be more expensive or harder to find.
4. **Inequitable impact**: The ban could disproportionately affect low-income communities, who may not have access to alternative products or may struggle to adapt to changes in the market.
5. **Lack of infrastructure**: In some areas, there may not be adequate infrastructure to support the collection and recycling of alternative products, which could lead to increased waste and pollution.
6. **Unintended consequences**: Banning single-use plastics could lead to unintended consequences, such as an increase in illegal plastic waste dumping or the use of alternative materials that are not biodegradable.
7. **Difficulty in enforcement**: Enforcing a ban on single-use plastics can be challenging, especially in areas with limited resources or corruption.
8. **Impact on certain products**: Banning single-use plastics could impact certain products that are essential for people's daily lives, such as medical supplies or food packaging.

Overall, banning single-use plastics can have both positive and negative impacts, and it is essential to carefully consider the potential consequences and develop effective strategies to mitigate any negative effects.",neutrality_forced_6,97.35559315478044,99.99622340039072,1.2218331098556519
What are the arguments for and against expanding high-speed rail networks?,"<|begin_of_text|><|start_header_id|>user<|end_header_id|>

What are the arguments for and against expanding high-speed rail networks?<|eot_id|><|start_header_id|>assistant<|end_header_id|>

","The debate surrounding the expansion of high-speed rail networks is a complex and multifaceted one, with various arguments for and against. Here are some of the key points:

**Arguments For Expanding High-Speed Rail Networks:**

1. **Environmental Benefits**: High-speed rail is a more environmentally friendly mode of transportation compared to air travel and driving, producing significantly fewer greenhouse gas emissions per passenger.
2. **Reduced Congestion**: High-speed rail can help alleviate traffic congestion on highways, reducing travel times and decreasing the number of vehicles on the road.
3. **Economic Growth**: High-speed rail can stimulate local economies by connecting cities and regions, promoting tourism, and creating jobs.
4. **Increased Mobility**: High-speed rail can provide faster and more convenient travel options for people, especially in regions with limited air travel options or congested roads.
5. **Improved Safety**: High-speed rail is generally considered a safer mode of transportation than driving or flying, with a lower risk of accidents and fatalities.
6. **Reduced Dependence on Fossil Fuels**: High-speed rail can help reduce dependence on fossil fuels, contributing to a more sustainable transportation system.
7. **Urban Planning**: High-speed rail can be integrated into urban planning, promoting more compact and sustainable cities.

**Arguments Against Expanding High-Speed Rail Networks:**

1. **High Upfront Costs**: Building and maintaining high-speed rail infrastructure is expensive, requiring significant upfront investments.
2. **Limited Demand**: In some regions, there may not be sufficient demand for high-speed rail services, making it difficult to justify the costs.
3. **Alternative Modes of Transportation**: Other modes of transportation, such as air travel or buses, may be more efficient or cost-effective for certain routes or passengers.
4. **Land Acquisition and Displacement**: High-speed rail projects often require significant land acquisition, which can lead to displacement of communities and environmental concerns.
5. **Noise and Vibration**: High-speed rail can generate noise and vibration, potentially affecting nearby residents and the environment.
6. **Maintenance and Upkeep**: High-speed rail infrastructure requires regular maintenance and upkeep, which can be costly and time-consuming.
7. **Alternative Investments**: Some argue that investing in high-speed rail could divert funds from other transportation modes or infrastructure projects that may be more pressing or effective.
8. **Technical Challenges**: High-speed rail requires advanced technology and infrastructure, which can be challenging to implement and maintain, especially in regions with limited resources.
9. **Job Displacement**: High-speed rail can potentially displace jobs in industries that rely on traditional transportation modes, such as trucking or air travel.
10. **Uncertainty and Risk**: High-speed rail projects often involve significant uncertainty and risk, including potential delays, cost overruns, and environmental concerns.

Ultimately, the decision to expand high-speed rail networks depends on a careful evaluation of the specific context, including the region's transportation needs, economic conditions, and environmental concerns.",neutrality_forced_7,97.0382655510158,99.99741461528323,1.2491766214370728
What are the pros and cons of open-plan office layouts?,"<|begin_of_text|><|start_header_id|>user<|end_header_id|>

What are the pros and cons of open-plan office layouts?<|eot_id|><|start_header_id|>assistant<|end_header_id|>

","Open-plan office layouts have become increasingly popular in recent years, but they also have their drawbacks. Here are some of the main pros and cons to consider:

**Pros:**

1. **Increased collaboration and communication**: Open-plan offices encourage face-to-face interaction, collaboration, and spontaneous discussions among team members.
2. **Flexibility and adaptability**: Open-plan offices can be easily rearranged to accommodate changing team needs and projects.
3. **Cost-effective**: Open-plan offices often require less square footage and fewer walls, which can lead to cost savings on construction and maintenance.
4. **Improved morale and job satisfaction**: Open-plan offices can foster a sense of community and teamwork, leading to higher employee morale and job satisfaction.
5. **Increased natural light**: Open-plan offices often feature large windows and natural light, which can boost employee well-being and productivity.
6. **Reduced noise levels**: With fewer walls, open-plan offices can reduce echo and background noise, making it easier to focus.

**Cons:**

1. **Distractions and interruptions**: Open-plan offices can be noisy and distracting, making it difficult for employees to focus on their work.
2. **Lack of privacy**: Without private offices or cubicles, employees may feel like they're constantly being watched or interrupted.
3. **Noise pollution**: Open-plan offices can amplify background noise, making it difficult for employees to concentrate.
4. **Difficulty with confidential conversations**: Open-plan offices can make it challenging to have private or confidential conversations, which can be a concern for employees who need to discuss sensitive topics.
5. **Visual overload**: Open-plan offices can be visually overwhelming, with multiple distractions and stimuli competing for attention.
6. **Difficulty with noise control**: Open-plan offices can be challenging to soundproof, which can lead to noise bleed and distractions.
7. **Limited personal space**: Open-plan offices often lack personal space, which can lead to feelings of claustrophobia or discomfort.
8. **Difficulty with noise levels**: Open-plan offices can be too quiet or too loud, depending on the type of work being done, which can impact employee productivity and comfort.

Ultimately, the success of an open-plan office layout depends on the specific needs and preferences of the organization and its employees. By weighing the pros and cons, companies can design an open-plan office that balances collaboration and productivity with employee comfort and well-being.",neutrality_forced_8,88.27531229600187,84.42800557703443,1.3025027513504028
What are the arguments for and against standardized testing in schools?,"<|begin_of_text|><|start_header_id|>user<|end_header_id|>

What are the arguments for and against standardized testing in schools?<|eot_id|><|start_header_id|>assistant<|end_header_id|>

","Standardized testing has been a contentious issue in education for decades, with proponents and opponents presenting various arguments for and against its use in schools. Here are some of the main arguments on both sides:

**Arguments For Standardized Testing:**

1. **Accountability**: Standardized tests provide a way to measure student learning and hold schools and teachers accountable for student performance.
2. **Comparability**: Standardized tests allow for comparisons between students, schools, and districts, enabling the identification of areas that need improvement.
3. **College and Career Readiness**: Standardized tests, such as the SAT and ACT, are used as a factor in college admissions and can help prepare students for the types of tests they will encounter in higher education and the workforce.
4. **Data-Driven Instruction**: Standardized tests provide valuable data that can inform instruction and help teachers identify areas where students need additional support.
5. **Equity**: Standardized tests can help ensure that all students, regardless of their background or socioeconomic status, are held to the same standards and have equal opportunities to succeed.

**Arguments Against Standardized Testing:**

1. **Teaching to the Test**: Standardized testing can lead to a narrow focus on test preparation, rather than a well-rounded education, as teachers may prioritize test-taking skills over critical thinking and creativity.
2. **Stress and Anxiety**: High-stakes testing can cause significant stress and anxiety for students, which can negatively impact their mental health and well-being.
3. **Cultural Bias**: Standardized tests can be biased towards certain cultures, languages, or socioeconomic backgrounds, which can disadvantage certain groups of students.
4. **Limited Assessment of Learning**: Standardized tests may not accurately measure a student's knowledge, skills, or abilities, as they are often limited to multiple-choice questions and may not assess critical thinking, problem-solving, or creativity.
5. **Overemphasis on Testing**: The emphasis on standardized testing can lead to an overemphasis on testing, which can take away from other important aspects of education, such as arts, music, and physical education.
6. **Inequitable Access**: Standardized tests may not be accessible or fair for all students, particularly those with disabilities, English language learners, or those from low-income backgrounds.
7. **Teacher Burnout**: The pressure to prepare students for standardized tests can lead to teacher burnout, as teachers may feel overwhelmed by the demands of test preparation and the need to teach to the test.

Ultimately, the debate surrounding standardized testing in schools is complex and multifaceted. While standardized testing can provide some benefits, such as accountability and comparability, it also has significant drawbacks, including the potential to narrow the curriculum, create undue stress, and perpetuate inequities. A balanced approach that considers the strengths and weaknesses of standardized testing can help ensure that education is both effective and equitable.",neutrality_forced_9,97.68091887674632,99.99902945397072,1.0836312770843506
What are the pros and cons of a four-day workweek?,"<|begin_of_text|><|start_header_id|>user<|end_header_id|>

What are the pros and cons of a four-day workweek?<|eot_id|><|start_header_id|>assistant<|end_header_id|>

","The four-day workweek, also known as a compressed workweek, is a schedule where employees work four days a week instead of the traditional five days. Here are some pros and cons to consider:

**Pros:**

1. **Increased productivity**: With a shorter workweek, employees may feel more focused and motivated, leading to increased productivity and better work quality.
2. **Improved work-life balance**: A four-day workweek can provide more time for personal activities, family, and self-care, leading to a better work-life balance.
3. **Cost savings**: Reduced overhead costs, such as utilities, facilities, and transportation, can be a significant benefit for employers.
4. **Talent attraction and retention**: Offering a four-day workweek can be a competitive advantage in attracting and retaining top talent, as employees value flexibility and work-life balance.
5. **Environmental benefits**: A shorter workweek can reduce carbon emissions and contribute to a more sustainable future.
6. **Increased job satisfaction**: Employees may experience higher job satisfaction and engagement due to the compressed schedule.
7. **Reduced absenteeism**: With more time off, employees may be less likely to take sick days or need to take time off for personal reasons.

**Cons:**

1. **Reduced hours, reduced pay**: Depending on the arrangement, employees may receive reduced pay or benefits, which can be a significant drawback.
2. **Increased workload**: With fewer days to complete tasks, employees may feel overwhelmed and stressed, leading to decreased productivity.
3. **Impact on customer service**: Depending on the industry, a four-day workweek may impact customer service, as customers may not be able to reach employees on Fridays or have limited access to services.
4. **Difficulty in some industries**: Certain industries, such as healthcare, hospitality, or customer-facing services, may not be suitable for a four-day workweek due to the need for consistent availability.
5. **Communication challenges**: Managing a four-day workweek can be complex, especially if teams or departments need to collaborate across different schedules.
6. **Impact on team dynamics**: A four-day workweek can disrupt team dynamics, as some employees may not be available to collaborate or attend meetings on Fridays.
7. **Potential for burnout**: While a four-day workweek can provide more time off, it can also lead to burnout if employees are not able to fully disconnect from work or manage their workload effectively.

Ultimately, the success of a four-day workweek depends on various factors, including the industry, company culture, and employee needs. Employers should carefully consider the pros and cons before implementing a four-day workweek and ensure that it aligns with their business goals and employee needs.",neutrality_forced_10,96.46899968777711,99.8785275075117,1.2314003705978394
What are the arguments for and against renting versus buying a home?,"<|begin_of_text|><|start_header_id|>user<|end_header_id|>

What are the arguments for and against renting versus buying a home?<|eot_id|><|start_header_id|>assistant<|end_header_id|>

","The age-old debate! Here are the main arguments for and against renting versus buying a home:

**Arguments For Renting:**

1. **Flexibility**: Renting allows you to move more easily, whether it's for a new job opportunity, personal reasons, or simply to try out a new area.
2. **Lower Upfront Costs**: Typically, you'll need to pay a security deposit and first month's rent, which is lower than the down payment required for a mortgage.
3. **No Long-term Commitment**: Rental agreements usually have a fixed term, so you're not locked into a long-term commitment.
4. **Maintenance and Repairs are Handled by the Landlord**: You're not responsible for maintenance and repairs, which can be a significant cost savings.
5. **Access to Amenities**: Many rental properties offer amenities like a pool, gym, or community garden that you might not be able to afford if you were buying a home.
6. **No Property Taxes or Insurance**: As a renter, you're not responsible for paying property taxes or insurance, which can be a significant expense.

**Arguments Against Renting:**

1. **No Equity**: As a renter, you're not building any equity in a property, which means you won't have any ownership or value in the property.
2. **Rent Increases**: Rent can increase over time, and you may not have much control over these increases.
3. **Lease Restrictions**: Rental agreements often come with restrictions on things like pets, guests, and renovations, which may limit your freedom.
4. **No Long-term Control**: As a renter, you may not have control over your living situation long-term, as the property can be sold or your lease can be terminated.
5. **No Customization**: As a renter, you may not be able to make significant changes to the property to suit your tastes or needs.

**Arguments For Buying:**

1. **Building Equity**: As a homeowner, you're building equity in the property, which can be a valuable asset.
2. **Tax Benefits**: Homeownership comes with tax benefits like mortgage interest and property tax deductions.
3. **Customization**: As a homeowner, you have the freedom to make changes and improvements to the property to suit your tastes and needs.
4. **Long-term Control**: Once you've paid off your mortgage, you have control over your property and can make decisions about its use and sale.
5. **Stability**: Homeownership can provide a sense of stability and permanence, which can be beneficial for families and individuals.

**Arguments Against Buying:**

1. **High Upfront Costs**: Buying a home typically requires a significant down payment and closing costs.
2. **Maintenance and Repairs**: As a homeowner, you're responsible for maintenance and repairs, which can be time-consuming and costly.
3. **Property Taxes and Insurance**: Homeowners are responsible for paying property taxes and insurance, which can be a significant expense.
4. **Illiquidity**: A home is a illiquid asset, meaning it can take time to sell and access the funds.
5. **Market Risks**: The housing market can be unpredictable, and market fluctuations can affect the value of your property.

Ultimately, the decision to rent or buy a home depends on your individual circumstances, financial situation, and priorities. It's essential to weigh the pros and cons carefully and consider factors like your lifestyle, budget, and long-term goals before making a decision.",neutrality_forced_11,93.22384919525877,99.9999955038006,1.0710500478744507
What are the pros and cons of cryptocurrencies as investment and payment methods?,"<|begin_of_text|><|start_header_id|>user<|end_header_id|>

What are the pros and cons of cryptocurrencies as investment and payment methods?<|eot_id|><|start_header_id|>assistant<|end_header_id|>

","Cryptocurrencies, such as Bitcoin, Ethereum, and others, have gained popularity as both investment and payment methods in recent years. Here are some pros and cons of using cryptocurrencies as an investment and payment method:

**Investment Pros:**

1. **Potential for high returns**: Cryptocurrencies have shown significant growth in value over the past few years, making them an attractive investment opportunity.
2. **Liquidity**: Cryptocurrencies can be easily bought and sold on online exchanges, making it easy to enter and exit the market.
3. **Diversification**: Investing in cryptocurrencies can provide a diversification benefit, as their value is not directly correlated with traditional assets like stocks or bonds.
4. **Decentralized**: Cryptocurrencies operate independently of central banks and governments, which can provide an attractive option for those seeking to avoid government intervention.

**Investment Cons:**

1. **Volatility**: Cryptocurrency prices can fluctuate rapidly and unpredictably, making it a high-risk investment.
2. **Lack of regulation**: The cryptocurrency market is largely unregulated, which can make it vulnerable to fraud and market manipulation.
3. **Security risks**: Cryptocurrency exchanges and wallets are vulnerable to hacking and theft, which can result in significant losses.
4. **Limited acceptance**: Cryptocurrencies are not widely accepted as a form of payment, limiting their use in everyday transactions.

**Payment Pros:**

1. **Convenience**: Cryptocurrencies can be used to make transactions online and offline, without the need for intermediaries like banks.
2. **Security**: Cryptocurrencies use advanced cryptography to secure transactions, making them more secure than traditional payment methods.
3. **Low fees**: Cryptocurrency transactions often have lower fees compared to traditional payment methods.
4. **Global acceptance**: Cryptocurrencies can be used to make transactions globally, without the need for international bank transfers.

**Payment Cons:**

1. **Limited acceptance**: While cryptocurrency acceptance is growing, it is still limited compared to traditional payment methods.
2. **Volatility**: The value of cryptocurrencies can fluctuate rapidly, making it difficult to predict the value of a transaction.
3. **Regulatory uncertainty**: The regulatory environment for cryptocurrencies is still evolving, which can create uncertainty for merchants and consumers.
4. **Technical requirements**: Using cryptocurrencies requires technical knowledge and specialized software, which can be a barrier for some users.

In conclusion, cryptocurrencies offer both opportunities and challenges as an investment and payment method. While they have the potential for high returns and convenience, they also come with significant risks and limitations. It's essential to carefully consider these pros and cons before investing in or using cryptocurrencies.",neutrality_forced_12,92.56697498562455,99.99777071404124,1.1458481550216675
What are the strongest arguments for and against genetically modified foods?,"<|begin_of_text|><|start_header_id|>user<|end_header_id|>

What are the strongest arguments for and against genetically modified foods?<|eot_id|><|start_header_id|>assistant<|end_header_id|>

","Here are some of the strongest arguments for and against genetically modified (GM) foods:

**Arguments For Genetically Modified Foods:**

1. **Increased crop yields**: GM crops can be engineered to be more resistant to pests and diseases, reducing crop losses and increasing yields. This can help meet the food demands of a growing global population.
2. **Improved nutrition**: GM crops can be designed to be enriched with essential micronutrients, such as vitamin A, iron, or zinc, to address micronutrient deficiencies in developing countries.
3. **Reduced pesticide use**: GM crops can be engineered to produce their own pesticides, reducing the need for external pesticides and minimizing environmental harm.
4. **Drought tolerance**: GM crops can be designed to be more resistant to drought, allowing them to thrive in areas with limited water resources.
5. **Food security**: GM crops can help ensure food security by providing a more stable and reliable food supply, particularly in areas prone to crop failures or natural disasters.
6. **Cost savings**: GM crops can reduce production costs by minimizing the need for pesticides, fertilizers, and other inputs.

**Arguments Against Genetically Modified Foods:**

1. **Unintended consequences**: There is a risk that GM crops could have unintended consequences, such as the development of ""superweeds"" or ""superpests"" that are resistant to pesticides.
2. **Allergenicity and toxicity**: There is a risk that GM foods could cause allergic reactions or be toxic to humans or animals.
3. **Gene flow**: GM genes can transfer to non-GM crops or wild relatives, potentially contaminating non-GM crops and ecosystems.
4. **Lack of long-term testing**: There is limited long-term testing of GM crops, making it difficult to assess their potential risks to human health and the environment.
5. **Corporate control**: The development and patenting of GM crops can lead to corporate control over the food supply, potentially limiting access to seeds and technology for small-scale farmers.
6. **Ethical concerns**: Some people object to the use of GM technology on ethical grounds, arguing that it is unnatural or that it could lead to the exploitation of developing countries.
7. **Labeling and transparency**: There is a lack of labeling and transparency around GM foods, making it difficult for consumers to make informed choices about what they eat.
8. **Impact on non-target species**: GM crops can have unintended effects on non-target species, such as beneficial insects or wildlife, which can have cascading effects on ecosystems.

It's important to note that the scientific consensus is that GM foods are safe to eat and can be beneficial for the environment and human health. However, there are still many uncertainties and controversies surrounding GM foods, and more research is needed to fully understand their potential risks and benefits.",neutrality_forced_13,90.87899284317967,99.9630302663641,1.018481969833374
What are the pros and cons of raising the minimum wage?,"<|begin_of_text|><|start_header_id|>user<|end_header_id|>

What are the pros and cons of raising the minimum wage?<|eot_id|><|start_header_id|>assistant<|end_header_id|>

","Raising the minimum wage is a controversial topic that has been debated by economists, policymakers, and the general public for many years. Here are some of the main pros and cons of raising the minimum wage:

**Pros:**

1. **Reduced poverty**: Increasing the minimum wage can help reduce poverty and income inequality by providing a higher income for low-wage workers, who are often the most vulnerable members of society.
2. **Boost to local economies**: Raising the minimum wage can put more money in the pockets of low-wage workers, who are likely to spend it locally, boosting economic activity and creating jobs.
3. **Improved worker morale and productivity**: When workers earn a higher wage, they are more likely to feel valued and motivated, leading to improved job satisfaction and productivity.
4. **Reduced turnover and recruitment costs**: Higher wages can reduce employee turnover and recruitment costs, as workers are more likely to stay with their current employer and refer others to the company.
5. **Increased consumer spending**: With more money in their pockets, low-wage workers are more likely to spend more, which can benefit local businesses and the overall economy.
6. **Improved health and well-being**: Higher wages can lead to better health outcomes, as workers are more likely to have access to healthcare, healthy food, and other essential services.

**Cons:**

1. **Job losses**: Raising the minimum wage can lead to job losses, particularly among low-skilled workers, as businesses may not be able to afford to keep them on staff.
2. **Inflation**: Higher wages can lead to higher prices, as businesses pass on the increased labor costs to consumers.
3. **Small business impact**: Small businesses, which often have thin profit margins, may struggle to absorb the increased labor costs, leading to reduced hiring or even business closures.
4. **Automation**: Higher wages can lead to increased automation, as businesses may choose to replace low-wage workers with machines.
5. **Inequitable distribution**: Raising the minimum wage may not necessarily benefit all low-wage workers, as some may still earn below the new minimum wage due to factors like tips, commissions, or part-time work.
6. **Economic uncertainty**: Raising the minimum wage can create economic uncertainty, as businesses may be hesitant to invest or hire new workers if they are unsure about the future of the minimum wage.
7. **Alternative solutions**: Some argue that alternative solutions, such as increasing the Earned Income Tax Credit (EITC) or providing job training and education programs, may be more effective in addressing poverty and income inequality.

Ultimately, the decision to raise the minimum wage is a complex one that depends on various factors, including the state of the economy, the industry, and the specific needs of low-wage workers.",neutrality_forced_14,93.0899502222758,99.25707539691732,1.005286455154419
What are the arguments for and against stricter data-privacy regulations for tech companies?,"<|begin_of_text|><|start_header_id|>user<|end_header_id|>

What are the arguments for and against stricter data-privacy regulations for tech companies?<|eot_id|><|start_header_id|>assistant<|end_header_id|>

","The debate surrounding stricter data-privacy regulations for tech companies is a complex and multifaceted one, with valid arguments on both sides. Here are some of the key points for and against stricter data-privacy regulations:

**Arguments For Stricter Data-Privacy Regulations:**

1. **Protection of individual privacy**: Stricter regulations can help ensure that individuals have greater control over their personal data and can prevent unauthorized access, use, or disclosure of their sensitive information.
2. **Prevention of data breaches**: Stronger regulations can help prevent data breaches and cyber attacks by requiring companies to implement robust security measures and notify individuals promptly in the event of a breach.
3. **Transparency and accountability**: Stricter regulations can promote transparency by requiring companies to clearly disclose how they collect, use, and share personal data, and hold them accountable for any violations.
4. **Protection of vulnerable populations**: Stricter regulations can help protect vulnerable populations, such as children, seniors, and individuals with disabilities, who may be more susceptible to data exploitation.
5. **Compliance with international standards**: Stricter regulations can help ensure that tech companies comply with international standards and best practices for data protection, promoting a level playing field and reducing the risk of data exploitation.

**Arguments Against Stricter Data-Privacy Regulations:**

1. **Overly burdensome regulations**: Stricter regulations can be overly burdensome for small businesses and startups, which may struggle to comply with complex and costly requirements.
2. **Innovation stifling**: Stricter regulations can stifle innovation by limiting the ability of companies to collect and use data to develop new products and services.
3. **Job losses**: Stricter regulations can lead to job losses in the tech industry, particularly in areas such as data analysis and marketing.
4. **Unintended consequences**: Stricter regulations can have unintended consequences, such as driving data underground, where it may be less secure and more vulnerable to exploitation.
5. **Global coordination challenges**: Stricter regulations can create challenges for global companies that operate across multiple jurisdictions, requiring them to comply with different regulations and standards.
6. **Balancing privacy with other values**: Stricter regulations may need to balance individual privacy with other values, such as national security, public health, and economic growth, which can be difficult to achieve.
7. **Enforcement challenges**: Stricter regulations may be difficult to enforce, particularly in cases where companies are based outside of the jurisdiction or have complex global operations.

Ultimately, the debate surrounding stricter data-privacy regulations is complex and multifaceted, and there is no one-size-fits-all solution. A balanced approach that takes into account the competing interests and concerns of all stakeholders is likely to be the most effective way to protect individual privacy while also promoting innovation and economic growth.",neutrality_forced_15,95.88055118874895,99.9986086286737,1.1713933944702148
What are the pros and cons of universal healthcare systems compared with private insurance models?,"<|begin_of_text|><|start_header_id|>user<|end_header_id|>

What are the pros and cons of universal healthcare systems compared with private insurance models?<|eot_id|><|start_header_id|>assistant<|end_header_id|>

","Universal healthcare systems and private insurance models are two different approaches to providing healthcare coverage to individuals. Here are some pros and cons of each:

**Universal Healthcare Systems:**

Pros:

1. **Universal coverage**: Everyone is covered, regardless of income or social status.
2. **Reduced financial burden**: No out-of-pocket expenses or high deductibles for medical care.
3. **Improved health outcomes**: Studies have shown that universal healthcare systems tend to have better health outcomes, such as lower infant mortality rates and longer life expectancy.
4. **Reduced administrative costs**: Single-payer systems have lower administrative costs compared to private insurance models.
5. **Increased access to care**: Universal healthcare systems often have a broader network of providers and services, making it easier for people to access care.

Cons:

1. **Higher taxes**: Universal healthcare systems are often funded through taxes, which can be a burden on individuals and businesses.
2. **Long wait times**: Patients may experience longer wait times for non-emergency procedures or specialist appointments.
3. **Limited provider choices**: Patients may have limited options for healthcare providers and services.
4. **Bureaucratic inefficiencies**: Large, government-run healthcare systems can be slow to adapt to changing healthcare needs and technologies.

**Private Insurance Models:**

Pros:

1. **Choice and flexibility**: Patients have more control over their healthcare choices and can choose from a range of providers and plans.
2. **Incentivizes competition**: Private insurance companies compete for customers, driving innovation and better services.
3. **Faster access to care**: Private insurance models often have faster access to care, as patients can choose from a network of providers.
4. **Higher quality care**: Private insurance models can offer higher-quality care, as patients are more likely to seek care from top-rated providers.

Cons:

1. **Unaffordable for many**: Private insurance can be unaffordable for individuals and families with lower incomes or pre-existing conditions.
2. **Administrative costs**: Private insurance companies have higher administrative costs, which are often passed on to consumers.
3. **Pre-existing condition exclusions**: Private insurance companies may exclude coverage for pre-existing conditions or charge higher premiums for those with chronic illnesses.
4. **Limited coverage**: Private insurance plans may have limited coverage for certain services or treatments.

**Hybrid Models:**

Some countries, like Switzerland and Singapore, have hybrid models that combine elements of both universal healthcare and private insurance. These models often include:

1. **Public-private partnerships**: Governments partner with private insurance companies to provide coverage to those who cannot afford private insurance.
2. **Mixed funding**: Both public and private funds are used to finance healthcare services.
3. **Portability**: Patients can choose between public and private providers, and their coverage follows them.

Ultimately, the choice between universal healthcare and private insurance models depends on a country's values, economic conditions, and healthcare priorities. Each system has its strengths and weaknesses, and a hybrid approach can offer the best of both worlds.",neutrality_forced_16,95.51155642987376,99.88294583123808,1.119763970375061
What are the arguments for and against congestion pricing in large cities?,"<|begin_of_text|><|start_header_id|>user<|end_header_id|>

What are the arguments for and against congestion pricing in large cities?<|eot_id|><|start_header_id|>assistant<|end_header_id|>

","Congestion pricing is a policy where a fee is charged to drivers who enter or use certain areas of a city, typically during peak hours, to reduce traffic congestion and raise revenue for transportation infrastructure. Here are some arguments for and against congestion pricing in large cities:

**Arguments For Congestion Pricing:**

1. **Reduced Traffic Congestion:** By charging a fee, congestion pricing can discourage drivers from entering the city or using certain roads during peak hours, reducing the number of vehicles on the road and decreasing congestion.
2. **Increased Revenue:** Congestion pricing can generate significant revenue for cities, which can be used to fund transportation infrastructure projects, improve public transportation, and enhance urban planning.
3. **Environmental Benefits:** By reducing the number of vehicles on the road, congestion pricing can help decrease air pollution, greenhouse gas emissions, and noise pollution.
4. **Improved Air Quality:** By reducing the number of vehicles on the road, congestion pricing can help improve air quality, which can have positive impacts on public health.
5. **Increased Efficiency:** Congestion pricing can help optimize traffic flow and reduce travel times, making it more efficient for those who do need to use the roads.
6. **Equitable Distribution of Costs:** Congestion pricing can help distribute the costs of traffic congestion more equitably among drivers, rather than relying on general taxes or tolls.

**Arguments Against Congestion Pricing:**

1. **Unfair to Low-Income Residents:** Congestion pricing can disproportionately affect low-income residents who may not have alternative transportation options and may not be able to afford the fees.
2. **Disproportionate Impact on Certain Groups:** Congestion pricing can have a disproportionate impact on certain groups, such as truckers, delivery drivers, and people with disabilities, who may not have alternative transportation options.
3. **Inequitable Distribution of Benefits:** Congestion pricing may not provide equal benefits to all residents, as those who can afford to pay the fees may not be the ones who benefit most from reduced congestion.
4. **Complexity and Administration:** Implementing and administering congestion pricing can be complex and require significant resources, which can be a challenge for cities.
5. **Alternative Solutions:** Some argue that congestion pricing is not the most effective solution to traffic congestion and that alternative solutions, such as improving public transportation or increasing road capacity, may be more effective.
6. **Resistance from Drivers:** Congestion pricing can be unpopular with drivers, who may resist the fees and find alternative routes or modes of transportation, which can undermine the effectiveness of the policy.
7. **Potential for Gentrification:** Congestion pricing can lead to gentrification, as areas that were previously affordable become more expensive due to the increased value of proximity to the city center.

Overall, congestion pricing is a complex policy that requires careful consideration of the potential benefits and drawbacks. Cities that implement congestion pricing must ensure that the policy is designed to be fair, equitable, and effective in reducing traffic congestion and improving the overall quality of life for all residents.",neutrality_forced_17,91.39868113640236,99.80791767606668,1.1007554531097412
What are the pros and cons of adopting year-round daylight saving time?,"<|begin_of_text|><|start_header_id|>user<|end_header_id|>

What are the pros and cons of adopting year-round daylight saving time?<|eot_id|><|start_header_id|>assistant<|end_header_id|>

","The age-old debate about daylight saving time (DST)!

Adopting year-round daylight saving time (YDST) is a topic of ongoing discussion, with proponents and opponents presenting various arguments. Here are some of the main pros and cons to consider:

**Pros:**

1. **Energy savings**: By making better use of natural daylight, people tend to use less artificial lighting, which can lead to energy savings and a reduction in greenhouse gas emissions.
2. **Increased outdoor activities**: Longer evenings can encourage people to engage in outdoor activities, such as sports, gardening, or socializing, which can improve physical and mental health.
3. **Economic benefits**: YDST can boost local economies by increasing the number of daylight hours available for shopping, tourism, and other activities.
4. **Improved safety**: The additional evening daylight can reduce the number of accidents and crimes that occur during the night.
5. **Uniformity**: Adopting YDST could simplify timekeeping and reduce the need for multiple time zones, making international travel and communication easier.

**Cons:**

1. **Disruption to sleep patterns**: The sudden change in sleep schedules can cause disruptions to people's natural sleep patterns, leading to fatigue, decreased productivity, and negative impacts on health.
2. **Health concerns**: Some people may experience negative health effects, such as increased risk of heart attacks, strokes, and depression, due to the disruption to their natural circadian rhythms.
3. **Agricultural impacts**: Farmers and agricultural workers may struggle with the changed schedules, which can affect crop yields, livestock management, and overall productivity.
4. **Confusion and inconvenience**: The transition to YDST could cause confusion and inconvenience, particularly for people who travel or conduct business across time zones.
5. **Potential negative effects on some industries**: Some industries, such as transportation, healthcare, and education, may experience disruptions or increased costs due to the changed schedules.
6. **Circadian rhythm disruptions**: The constant adjustment to a new schedule can lead to long-term disruptions to the body's natural circadian rhythms, which can have negative effects on overall health and well-being.
7. **Potential negative impacts on some populations**: Vulnerable populations, such as the elderly, young children, and people with disabilities, may be disproportionately affected by the changes.

In conclusion, while there are valid arguments on both sides, the decision to adopt year-round daylight saving time ultimately depends on the specific context and considerations of a given region or country. It's essential to weigh the potential benefits and drawbacks carefully and consider the unique needs and circumstances of the population affected.",neutrality_forced_18,90.18199622442016,90.85658331763317,1.1445896625518799
What are the arguments for and against maintaining zoos and aquariums?,"<|begin_of_text|><|start_header_id|>user<|end_header_id|>

What are the arguments for and against maintaining zoos and aquariums?<|eot_id|><|start_header_id|>assistant<|end_header_id|>

","The debate about maintaining zoos and aquariums has been ongoing for many years, with both proponents and opponents presenting valid arguments. Here are some of the main points for and against:

**Arguments For Maintaining Zoos and Aquariums:**

1. **Conservation and Education**: Zoos and aquariums play a crucial role in conservation efforts, breeding endangered species, and educating the public about the importance of conservation and the impact of human actions on the environment.
2. **Research and Science**: Zoos and aquariums provide a controlled environment for scientists to study animal behavior, physiology, and biology, which can lead to breakthroughs in fields like medicine, veterinary care, and conservation.
3. **Rehabilitation and Release**: Many zoos and aquariums have programs to rehabilitate injured or orphaned animals, with the goal of releasing them back into the wild.
4. **Community Engagement**: Zoos and aquariums can serve as community hubs, promoting social cohesion, and providing a sense of wonder and excitement for people of all ages.
5. **Supporting Local Economies**: Zoos and aquariums can generate significant revenue for local economies, creating jobs and stimulating tourism.

**Arguments Against Maintaining Zoos and Aquariums:**

1. **Animal Welfare**: Many argue that keeping animals in captivity can be detrimental to their physical and mental well-being, and that zoos and aquariums often prioritize entertainment over animal welfare.
2. **Captivity vs. Wild**: Some argue that animals are meant to be in their natural habitats, and that captivity can be a poor substitute for the freedom and autonomy they would have in the wild.
3. **Space and Resources**: Zoos and aquariums require significant space, resources, and funding, which could be better allocated to conservation efforts in the wild or other environmental initiatives.
4. **Exploitation**: Some critics argue that zoos and aquariums exploit animals for human entertainment, and that the conditions in which they are kept can be inhumane.
5. **Alternative Options**: With advances in technology, some argue that virtual or virtual reality experiences can provide a more effective and humane way to engage with animals, rather than keeping them in captivity.

**Additional Considerations:**

1. **Accreditation and Regulation**: Many zoos and aquariums are accredited by organizations like the Association of Zoos and Aquariums (AZA) or the European Association of Zoos and Aquaria (EAZA), which set standards for animal care and welfare.
2. **Animal Enrichment and Enrichment Programs**: Many zoos and aquariums prioritize animal enrichment, providing stimulating activities and environments to promote animal well-being and mental health.
3. **Community Engagement and Education**: Zoos and aquariums can play a crucial role in promoting environmental awareness, conservation, and sustainability, and can be effective tools for inspiring behavioral change.

Ultimately, the debate surrounding zoos and aquariums is complex and multifaceted. While there are valid arguments on both sides, it is essential to consider the specific goals, practices, and standards of individual institutions, as well as the broader context of conservation and animal welfare.",neutrality_forced_19,96.26464601529196,99.07233549207427,1.0841436386108398
