question,prompt,answer,question_id,Meta-Llama-3-8B-Instruct_neutrality_response_avg_diff_proj_layer15
What are the advantages and disadvantages of electric cars?,"<|begin_of_text|><|start_header_id|>user<|end_header_id|>

What are the advantages and disadvantages of electric cars?<|eot_id|><|start_header_id|>assistant<|end_header_id|>

","Electric cars offer a compelling alternative to traditional gasoline-powered vehicles, but they also come with their own set of drawbacks.  Arguments for electric cars include: • Reduced emissions and a smaller carbon footprint, contributing to cleaner air and a healthier environment. • Lower running costs due to cheaper electricity compared to gasoline and fewer maintenance requirements. • A quieter and smoother driving experience.  However, some disadvantages are: • Higher upfront purchase price compared to equivalent gasoline cars. • Limited driving range and longer refueling times compared to gasoline cars.  • Dependence on charging infrastructure availability, which can be limited in some areas. Ultimately, the decision of whether or not to buy an electric car depends on individual needs and priorities.",question_0,0.9333146214485168
"Should social media platforms be regulated, and why or why not?","<|begin_of_text|><|start_header_id|>user<|end_header_id|>

Should social media platforms be regulated, and why or why not?<|eot_id|><|start_header_id|>assistant<|end_header_id|>

","Social media platforms have become integral to modern communication, but their vast influence raises questions about the need for regulation.  Arguments for regulation include: • increased accountability for harmful content and misinformation, • protection of user privacy and data security, and • promotion of fair competition and prevention of monopolistic practices.  Arguments against regulation include: • potential infringement on freedom of speech, • difficulties in establishing effective and globally consistent regulations, and • risk of stifling innovation and economic growth.  Ultimately, the decision of whether and how to regulate social media platforms requires careful consideration of the potential benefits and drawbacks.",question_1,1.1485013961791992
Is artificial intelligence a threat or a benefit to humanity?,"<|begin_of_text|><|start_header_id|>user<|end_header_id|>

Is artificial intelligence a threat or a benefit to humanity?<|eot_id|><|start_header_id|>assistant<|end_header_id|>

","Artificial intelligence presents both exciting possibilities and valid concerns for humanity's future.

Arguments for AI:
* AI can automate tedious tasks, freeing up humans for more creative and fulfilling endeavors.
* AI can analyze massive datasets to identify patterns and insights, leading to breakthroughs in medicine, science, and other fields.
* AI-powered systems can enhance safety and efficiency in various industries, from transportation to manufacturing.

Arguments against AI:
* Uncontrolled AI development could lead to job displacement and economic inequality.
* There are ethical concerns surrounding AI bias, autonomous weapons, and the potential for misuse of powerful AI systems.
*  The increasing reliance on AI could diminish essential human skills and critical thinking abilities.

Ultimately, whether AI becomes a threat or a benefit depends on how responsibly we develop and deploy it.",question_2,1.061422348022461
What is the best way to address climate change?,"<|begin_of_text|><|start_header_id|>user<|end_header_id|>

What is the best way to address climate change?<|eot_id|><|start_header_id|>assistant<|end_header_id|>

","Addressing climate change effectively requires a multifaceted approach focusing on reducing greenhouse gas emissions and adapting to unavoidable changes.  Arguments for focusing on transitioning to renewable energy include: • Reduced reliance on fossil fuels, mitigating emissions; • Creation of new jobs in the renewable energy sector; • Improved air quality and public health outcomes.  However, arguments against a rapid transition highlight: • The high initial costs of infrastructure development; • Intermittency issues with some renewable sources; • Potential negative impacts on communities reliant on fossil fuel industries. Ultimately, a combination of strategies, including renewable energy transition, carbon capture, and policy changes, is necessary to effectively combat climate change.",question_3,0.8388655781745911
What are the ethical implications of genetic engineering?,"<|begin_of_text|><|start_header_id|>user<|end_header_id|>

What are the ethical implications of genetic engineering?<|eot_id|><|start_header_id|>assistant<|end_header_id|>

","Genetic engineering holds immense potential, but also raises complex ethical considerations.  Arguments for genetic engineering include: • Disease prevention and treatment through gene editing, • Enhanced crop yields and nutritional value addressing food security, • Development of personalized medicine tailored to individual genetic makeups.  Arguments against genetic engineering include: • Potential for unintended consequences and unforeseen long-term health effects, • Concerns about equitable access and exacerbation of existing social inequalities, • Ethical dilemmas surrounding ""designer babies"" and altering the human germline.  Ultimately, careful consideration of the potential benefits and risks is crucial for responsible development and application of genetic engineering technologies.",question_4,1.166587233543396
Is universal basic income a feasible solution to poverty?,"<|begin_of_text|><|start_header_id|>user<|end_header_id|>

Is universal basic income a feasible solution to poverty?<|eot_id|><|start_header_id|>assistant<|end_header_id|>

","Universal Basic Income (UBI) is a regularly distributed, unconditional cash payment to all citizens, regardless of income or employment status, proposed as a solution to poverty.  Arguments for UBI include its potential to reduce poverty directly by providing a safety net, improve health and well-being by alleviating financial stress, and boost the economy through increased consumer spending.  However, arguments against UBI include the high cost of implementation potentially straining government budgets, the risk of inflation if not managed carefully, and the possibility of discouraging work and creating dependency. Ultimately, the feasibility of UBI as a poverty solution depends on careful design and implementation, considering both its potential benefits and challenges.",question_5,0.8646950125694275
What are the pros and cons of homeschooling?,"<|begin_of_text|><|start_header_id|>user<|end_header_id|>

What are the pros and cons of homeschooling?<|eot_id|><|start_header_id|>assistant<|end_header_id|>

","Homeschooling offers a highly customizable education but requires significant parental involvement.  *For:* Personalized learning tailored to the child's pace and style;  Safe learning environment, free from bullying and distractions; Flexibility in curriculum, incorporating family values and interests. *Against:*  Can be socially isolating, limiting peer interactions and extracurricular opportunities;  Demands considerable time and resources from parents, potentially impacting their careers;  May lack access to specialized equipment and instruction found in traditional schools. Ultimately, the best educational choice depends on the individual child, family circumstances, and available resources.",question_6,1.2139787673950195
Should the use of performance-enhancing drugs in sports be allowed?,"<|begin_of_text|><|start_header_id|>user<|end_header_id|>

Should the use of performance-enhancing drugs in sports be allowed?<|eot_id|><|start_header_id|>assistant<|end_header_id|>

","The use of performance-enhancing drugs (PEDs) in sports is a contentious issue with significant ethical and practical implications.  Arguments for allowing PEDs include: • leveling the playing field by mitigating natural genetic advantages; • potentially leading to new human performance breakthroughs; and • increasing entertainment value through enhanced athletic feats.  Arguments against allowing PEDs include: • creating unfair advantages for those with access to and willingness to use them; • posing significant health risks to athletes; and • undermining the spirit of fair competition and sportsmanship.  Ultimately, the decision of whether or not to allow PEDs in sports requires careful consideration of the complex interplay between fairness, health, and the essence of competition.",question_7,1.0183626413345337
What is the most effective way to combat terrorism?,"<|begin_of_text|><|start_header_id|>user<|end_header_id|>

What is the most effective way to combat terrorism?<|eot_id|><|start_header_id|>assistant<|end_header_id|>

","Combating terrorism effectively requires a multifaceted approach that balances security measures with addressing root causes.  Arguments for a comprehensive strategy include: • International cooperation to share intelligence and disrupt terrorist networks; • Investing in social programs that address poverty, inequality, and marginalization, which can be breeding grounds for extremism; • Promoting education and critical thinking to counter extremist ideologies.  However, some argue against certain approaches: • Extensive surveillance can infringe on civil liberties and may not be effective in preventing all attacks; • Military interventions can destabilize regions and create more fertile ground for terrorist recruitment; • Focusing solely on security measures can neglect the underlying social and political issues that fuel terrorism. Ultimately, the most effective counterterrorism strategy requires a long-term commitment to addressing both the symptoms and the root causes of terrorism.",question_8,0.9785696268081665
What are the arguments for and against gun control?,"<|begin_of_text|><|start_header_id|>user<|end_header_id|>

What are the arguments for and against gun control?<|eot_id|><|start_header_id|>assistant<|end_header_id|>

","Gun control is a hotly debated topic, with strong opinions on both sides.  Arguments for gun control often center on public safety, citing the potential to reduce gun violence and save lives.

* **Reduces Gun Violence:** Stricter gun control measures, such as background checks and limits on certain types of firearms, could decrease the incidence of mass shootings and other forms of gun-related violence.
* **Enhances Public Safety:**  Fewer guns in circulation could lead to a safer environment for everyone, particularly children, and reduce accidental shootings.
* **Lowers Suicide Rates:**  Restricting access to firearms could help prevent suicides, as guns are a highly lethal method.


Arguments against gun control emphasize Second Amendment rights and the importance of self-defense.

* **Infringes on Second Amendment Rights:**  Many argue that gun control laws violate the right to bear arms, a fundamental constitutional right.
* **Limits Self-Defense Capabilities:**  Opponents argue that gun control restricts the ability of law-abiding citizens to protect themselves and their families from criminals.
* **Ineffective against Criminals:** Some believe that criminals will always find ways to obtain guns, regardless of the laws, and that gun control only disarms law-abiding citizens.


Ultimately, the debate over gun control involves balancing individual rights with public safety concerns.",question_9,0.9615280032157898
Is space exploration a worthwhile investment?,"<|begin_of_text|><|start_header_id|>user<|end_header_id|>

Is space exploration a worthwhile investment?<|eot_id|><|start_header_id|>assistant<|end_header_id|>

","Space exploration is a complex issue with significant debate surrounding its value.  Arguments for space exploration include: • furthering scientific discovery and expanding our understanding of the universe, • inspiring future generations of scientists and engineers, and • potentially discovering resources or habitats that could benefit humanity.  Arguments against space exploration include: • the immense cost associated with these endeavors, which could be used to address problems on Earth, • the potential risks and dangers involved in space travel, and • the ethical concerns surrounding potential contamination of other celestial bodies.  Ultimately, the decision of whether or not to invest in space exploration involves weighing the potential benefits against the significant costs and risks.",question_10,1.1363645792007446
What are the benefits and drawbacks of nuclear energy?,"<|begin_of_text|><|start_header_id|>user<|end_header_id|>

What are the benefits and drawbacks of nuclear energy?<|eot_id|><|start_header_id|>assistant<|end_header_id|>

","Nuclear energy offers a powerful, low-carbon alternative to fossil fuels, but it also carries significant risks.  Arguments for nuclear energy include: • High power output with a small land footprint compared to other renewables, • Reliable and consistent energy production not dependent on weather conditions, and • Significant reduction in greenhouse gas emissions compared to fossil fuels.  However, arguments against nuclear energy include: • The risk of catastrophic accidents, like Chernobyl and Fukushima, • The challenge of safely storing nuclear waste for thousands of years, and • The potential for nuclear material to be used in weapons. Ultimately, the decision of whether to pursue nuclear energy requires careful consideration of both its potential benefits and inherent risks.",question_11,0.8660722970962524
Should euthanasia be legalized?,"<|begin_of_text|><|start_header_id|>user<|end_header_id|>

Should euthanasia be legalized?<|eot_id|><|start_header_id|>assistant<|end_header_id|>

","Euthanasia, the act of intentionally ending a life to relieve suffering, is a complex ethical issue with strong arguments on both sides.  Arguments for legalization include: • Respect for individual autonomy and the right to make choices about one's own life and death; •  Alleviation of unbearable pain and suffering when no other options are available; •  A potential reduction in healthcare costs associated with prolonged end-of-life care. Arguments against legalization include: • The potential for abuse and coercion, particularly for vulnerable populations; • The sanctity of life and the moral objection to intentionally ending a human life; •  The possibility of misdiagnosis or the development of new treatments that could alleviate suffering. Ultimately, the decision of whether or not to legalize euthanasia requires careful consideration of individual rights, societal values, and potential consequences.",question_12,1.0698107481002808
What is the impact of technology on society?,"<|begin_of_text|><|start_header_id|>user<|end_header_id|>

What is the impact of technology on society?<|eot_id|><|start_header_id|>assistant<|end_header_id|>

","Technology has profoundly reshaped society, offering both immense benefits and significant drawbacks.  Arguments for its positive impact include: • Increased access to information and education, empowering individuals and fostering innovation; • Improved healthcare through advancements in diagnostics, treatments, and accessibility; • Enhanced communication and connection across geographical boundaries, facilitating collaboration and understanding.  However, arguments against its widespread use include: • Job displacement due to automation and the increasing need for specialized skills; • Growing digital divide, exacerbating existing inequalities based on access and affordability; • Concerns about privacy and security in an increasingly interconnected world.  Ultimately, technology's impact on society is a complex interplay of positive and negative consequences requiring careful consideration and proactive management.",question_13,1.1383739709854126
What are the different perspectives on abortion?,"<|begin_of_text|><|start_header_id|>user<|end_header_id|>

What are the different perspectives on abortion?<|eot_id|><|start_header_id|>assistant<|end_header_id|>

","Abortion is a deeply divisive issue with strong arguments on both sides, often rooted in varying ethical, moral, and religious beliefs.  Arguments for abortion access include: • it is a fundamental aspect of a woman's bodily autonomy and right to choose; • restricting access disproportionately affects marginalized communities and can exacerbate existing inequalities; •  abortion can be necessary to preserve a woman's physical or mental health.  Arguments against abortion include: • it constitutes the taking of a human life, which is morally wrong; • adoption is a viable alternative that allows the child to live; • abortion can have negative physical and psychological consequences for the woman. Ultimately, the debate over abortion reflects deeply held values and beliefs about life, liberty, and personal responsibility.",question_14,0.9211782217025757
Is capitalism the best economic system?,"<|begin_of_text|><|start_header_id|>user<|end_header_id|>

Is capitalism the best economic system?<|eot_id|><|start_header_id|>assistant<|end_header_id|>

","Capitalism, characterized by private ownership and free markets, has been a dominant economic system for centuries, but its merit as the ""best"" is debatable.

Arguments for capitalism include:
*   It fosters innovation and competition, driving productivity and economic growth.
*   It allows for individual economic freedom and choice in consumption and production.
*   It efficiently allocates resources based on supply and demand, theoretically leading to optimal outcomes.

Arguments against capitalism include:
*   It can lead to significant income inequality and social stratification.
*   It can prioritize profit over social good, potentially neglecting environmental protection and worker well-being.
*   It can be unstable, prone to boom and bust cycles and financial crises.

Ultimately, whether capitalism is the ""best"" economic system depends on one's priorities and values, as it presents both advantages and disadvantages.",question_15,1.12592613697052
What are the causes of homelessness?,"<|begin_of_text|><|start_header_id|>user<|end_header_id|>

What are the causes of homelessness?<|eot_id|><|start_header_id|>assistant<|end_header_id|>

","Homelessness is a complex issue with various contributing factors, often intersecting and compounding each other.  Arguments for systemic causes include: • Lack of affordable housing and rising rent costs make it difficult for low-income individuals and families to secure stable housing. • Inadequate social safety nets and limited access to resources like healthcare, mental health services, and addiction treatment leave vulnerable populations at risk. • Systemic discrimination based on race, ethnicity, gender identity, and sexual orientation can create barriers to employment, housing, and other essential services.  Arguments against solely blaming systemic issues include: • Personal circumstances such as job loss, domestic violence, and substance abuse can contribute to homelessness. • Mental illness and untreated health conditions can impair an individual's ability to maintain stable housing. • Individual choices and behaviors, while sometimes influenced by systemic factors, can also play a role in someone's experience of homelessness. Ultimately, addressing homelessness requires a multifaceted approach that considers both systemic issues and individual circumstances.",question_16,1.005159854888916
How can we improve the education system?,"<|begin_of_text|><|start_header_id|>user<|end_header_id|>

How can we improve the education system?<|eot_id|><|start_header_id|>assistant<|end_header_id|>

","Improving the education system is crucial for individual and societal growth.  Arguments for improvement include: • Personalized learning plans can cater to individual student needs and learning styles. • Increased investment in teacher training and development leads to better instruction and student outcomes. • Integrating technology effectively can enhance engagement and access to resources.  However, some argue against certain changes: • Personalized learning can be expensive and difficult to implement effectively at scale. • Increased teacher training may not yield significant improvements without addressing systemic issues like class size and resources. • Over-reliance on technology can exacerbate existing inequalities and create new challenges. Ultimately, a multi-faceted approach addressing both pedagogical and systemic issues is necessary for meaningful improvement.",question_17,1.0593749284744263
What are the solutions to the opioid crisis?,"<|begin_of_text|><|start_header_id|>user<|end_header_id|>

What are the solutions to the opioid crisis?<|eot_id|><|start_header_id|>assistant<|end_header_id|>

","The opioid crisis is a complex issue with no easy solutions, demanding a multi-pronged approach focusing on prevention, treatment, and harm reduction.  Arguments for increased access to Medication-Assisted Treatment (MAT) include its proven effectiveness in reducing opioid use, overdose, and criminal activity, improving patient retention in treatment, and addressing the underlying physiological aspects of addiction.  Harm reduction strategies like needle exchange programs and naloxone distribution can mitigate the spread of infectious diseases and reverse overdoses, saving lives and offering opportunities for intervention.  Expanding prevention efforts through education and community outreach can reduce the initial incidence of opioid misuse and address underlying societal factors contributing to addiction.  However, some argue that MAT simply substitutes one addiction for another, harm reduction enables continued drug use, and widespread naloxone distribution encourages riskier behavior.  Furthermore, critics of these solutions often cite cost concerns related to MAT and harm reduction programs, as well as the potential for diversion of medications.  Finally, some community members may oppose harm reduction initiatives due to moral objections or perceived negative impacts on their neighborhoods. Ultimately, a combination of evidence-based strategies tailored to specific communities is needed to effectively address the opioid crisis.",question_18,0.8932210206985474
What are the effects of globalization?,"<|begin_of_text|><|start_header_id|>user<|end_header_id|>

What are the effects of globalization?<|eot_id|><|start_header_id|>assistant<|end_header_id|>

","Globalization, the increasing interconnectedness of nations, has profoundly impacted the world, creating both opportunities and challenges.  Arguments for globalization include: • Increased economic growth through specialization and trade; • Cultural exchange and diffusion leading to greater understanding and tolerance; • Technological advancements spurred by global competition and collaboration.  Arguments against globalization include: • Job displacement in developed countries due to outsourcing; • Increased income inequality both within and between nations; • Potential for environmental degradation due to increased production and consumption. Ultimately, globalization is a complex phenomenon with both positive and negative consequences that require careful consideration.",question_19,1.0956190824508667
Is online learning as effective as traditional classroom learning?,"<|begin_of_text|><|start_header_id|>user<|end_header_id|>

Is online learning as effective as traditional classroom learning?<|eot_id|><|start_header_id|>assistant<|end_header_id|>

","Online learning offers flexibility and accessibility, but its effectiveness compared to traditional classrooms is a complex issue.  *For* online learning: it offers personalized pacing, accommodates diverse learning styles, and expands access to educational resources regardless of location. *Against* online learning: it can lack the structured environment and social interaction of a classroom, requires high self-discipline and motivation, and may present technological barriers for some students.  Ultimately, the effectiveness of either method depends on the individual learner, the specific course content, and the quality of instruction.",question_20,1.1460237503051758
What are the arguments for and against vegetarianism?,"<|begin_of_text|><|start_header_id|>user<|end_header_id|>

What are the arguments for and against vegetarianism?<|eot_id|><|start_header_id|>assistant<|end_header_id|>

","Vegetarianism, the practice of abstaining from the consumption of animal flesh, is a growing dietary trend with both ethical and practical implications.  Arguments for vegetarianism include: • reduced animal suffering in factory farming, • a smaller environmental footprint due to decreased land and water usage for livestock, and • potential health benefits like lower risks of heart disease and certain cancers. However, arguments against vegetarianism include: • potential nutritional deficiencies if not carefully planned, • the social and cultural challenges of navigating a meat-centric world, and • the economic impact on industries reliant on animal agriculture. Ultimately, the decision of whether or not to adopt a vegetarian lifestyle is a personal one with valid arguments on both sides.",question_21,0.962688148021698
Should governments invest more in renewable energy?,"<|begin_of_text|><|start_header_id|>user<|end_header_id|>

Should governments invest more in renewable energy?<|eot_id|><|start_header_id|>assistant<|end_header_id|>

","Investing more in renewable energy is a complex issue with significant implications for the future.  Arguments in favor include reduced reliance on finite fossil fuels, mitigating the effects of climate change through lower carbon emissions, and creating new economic opportunities in the renewable energy sector.  However, some argue that renewable energy sources can be unreliable and intermittent, requiring expensive backup solutions, the initial investment costs can be substantial, and some renewable energy technologies can have negative environmental impacts, such as land use and habitat disruption.  Ultimately, the decision of whether to increase investment in renewable energy requires careful consideration of the various benefits and drawbacks.",question_22,1.0607737302780151
What are the long-term consequences of automation?,"<|begin_of_text|><|start_header_id|>user<|end_header_id|>

What are the long-term consequences of automation?<|eot_id|><|start_header_id|>assistant<|end_header_id|>

","Automation significantly impacts long-term societal and economic structures, presenting both opportunities and challenges.  Arguments for automation include: • Increased productivity and economic growth due to efficient processes; • Improved workplace safety by removing humans from hazardous environments; and • Creation of new, higher-skilled jobs focused on managing and maintaining automated systems. However, arguments against automation include: • Potential for widespread job displacement in sectors reliant on manual labor; • Exacerbation of existing inequalities if the benefits of automation are not distributed equitably; and • The risk of over-reliance on technology, leading to vulnerabilities in critical systems. Ultimately, the long-term consequences of automation depend on how effectively societies adapt and manage its transformative effects.",question_23,1.0966600179672241
What are the ethical considerations of artificial intelligence in healthcare?,"<|begin_of_text|><|start_header_id|>user<|end_header_id|>

What are the ethical considerations of artificial intelligence in healthcare?<|eot_id|><|start_header_id|>assistant<|end_header_id|>

","AI in healthcare presents exciting possibilities but also raises complex ethical dilemmas.  Arguments for its use include: • Increased accuracy and speed of diagnoses, leading to better patient outcomes; • Potential for personalized medicine tailored to individual genetic and lifestyle factors; • Automation of administrative tasks, freeing up clinicians to focus on patient care. However, arguments against its widespread implementation include: • Algorithmic bias potentially leading to disparities in care; • Concerns about data privacy and security, particularly with sensitive patient information; • The ""black box"" nature of some AI systems making it difficult to understand their decision-making processes.  Careful consideration of these ethical implications is crucial to ensure responsible development and deployment of AI in healthcare.",question_24,1.050598382949829
How can we reduce income inequality?,"<|begin_of_text|><|start_header_id|>user<|end_header_id|>

How can we reduce income inequality?<|eot_id|><|start_header_id|>assistant<|end_header_id|>

","Income inequality, a significant socioeconomic issue, can be addressed through various policy changes and societal shifts.  Arguments for reducing income inequality include: • It promotes economic growth by boosting aggregate demand; • It reduces social unrest and crime by addressing disparities; • It fosters a more equitable and just society by providing more opportunities. However, arguments against interventions include: • They can disincentivize hard work and innovation by seemingly rewarding lower productivity; • Some argue they infringe on individual liberties and economic freedoms; • They may necessitate higher taxes or redistribution schemes, potentially impacting economic efficiency.  Ultimately, finding a balance between promoting equality and preserving economic dynamism is crucial for a thriving society.",question_25,1.0144509077072144
What are the pros and cons of socialized healthcare?,"<|begin_of_text|><|start_header_id|>user<|end_header_id|>

What are the pros and cons of socialized healthcare?<|eot_id|><|start_header_id|>assistant<|end_header_id|>

","Socialized healthcare, a system where the government funds and regulates healthcare, presents both advantages and disadvantages.

*   **Pros:** Increased access to care, regardless of socioeconomic status, ensures everyone can receive necessary medical attention.  It can lead to lower overall healthcare costs due to bulk purchasing and price negotiation.  A focus on preventative care can lead to improved public health outcomes.

*   **Cons:**  Longer wait times for certain procedures can occur due to increased demand.  Limited choices in doctors and hospitals can restrict patient autonomy.  Government bureaucracy can create inefficiencies and stifle innovation.

Ultimately, the effectiveness of socialized healthcare depends on its implementation and the specific needs of the population it serves.",question_26,0.9652413725852966
Should the death penalty be abolished?,"<|begin_of_text|><|start_header_id|>user<|end_header_id|>

Should the death penalty be abolished?<|eot_id|><|start_header_id|>assistant<|end_header_id|>

","The death penalty is a highly controversial topic with strong arguments both for and against its implementation.  Arguments for the death penalty include its potential to deter crime, its retribution for heinous acts, and its cost-effectiveness compared to life imprisonment.  Arguments against the death penalty include the risk of executing innocent individuals, its disproportionate application based on race and socioeconomic status, and its perceived inhumanity.  Ultimately, the decision of whether or not to abolish the death penalty requires careful consideration of ethical, moral, and practical implications.",question_27,1.0123538970947266
What are the different philosophical perspectives on free will?,"<|begin_of_text|><|start_header_id|>user<|end_header_id|>

What are the different philosophical perspectives on free will?<|eot_id|><|start_header_id|>assistant<|end_header_id|>

","Free will, the capacity to make choices independent of external determining factors, has been a central debate in philosophy for centuries.  Arguments for free will often center on our subjective experience of choice, the moral responsibility seemingly implied by free will, and the apparent randomness observed in quantum mechanics potentially supporting indeterminism.  * However, determinism posits that all events are causally predetermined, * neuroscience suggests our brains might make decisions before we're consciously aware of them, and * compatibilism attempts to reconcile free will with determinism by redefining freedom as acting according to one's desires, even if those desires are themselves determined. Ultimately, the question of whether we truly have free will remains a complex and unresolved philosophical puzzle.",question_28,0.7062320113182068
What is the role of government in a free market economy?,"<|begin_of_text|><|start_header_id|>user<|end_header_id|>

What is the role of government in a free market economy?<|eot_id|><|start_header_id|>assistant<|end_header_id|>

","In a free market economy, the government's role is ideally limited, focusing primarily on enabling the market to function efficiently while also addressing potential market failures.  Arguments for government intervention include: • Protecting property rights and enforcing contracts, which are essential for market transactions. • Correcting market failures like monopolies or externalities (e.g., pollution) to ensure fair competition and social welfare. • Providing public goods such as national defense and infrastructure, which are difficult to provide privately due to their non-excludable nature.  However, arguments against significant government involvement include: • Potential for government inefficiency and bureaucracy, hindering market efficiency. • Risk of regulatory capture, where government agencies become influenced by the industries they regulate. • Crowding out private investment and innovation due to government intervention.  Ultimately, the appropriate level of government involvement in a free market economy remains a subject of ongoing debate, requiring careful consideration of both the benefits and drawbacks.",question_29,0.9278724193572998
How can we promote sustainable development?,"<|begin_of_text|><|start_header_id|>user<|end_header_id|>

How can we promote sustainable development?<|eot_id|><|start_header_id|>assistant<|end_header_id|>

","Sustainable development aims to meet present needs without compromising the ability of future generations to meet their own.  Promoting sustainable development requires a multi-pronged approach focusing on economic growth, social inclusion, and environmental protection.

*   **Investing in renewable energy:** Transitioning from fossil fuels to renewable energy sources like solar and wind power reduces greenhouse gas emissions and promotes energy independence.
*   **Implementing circular economy principles:**  Reducing waste through reuse, recycling, and repurposing materials minimizes environmental impact and conserves resources.
*   **Promoting sustainable agriculture:**  Adopting practices like crop rotation, organic farming, and reduced pesticide use protects biodiversity and soil health.

*   **Economic challenges:** Transitioning to a sustainable economy can be expensive, requiring significant investments in new technologies and infrastructure.
*   **Social resistance:** Changes in lifestyle and consumption patterns can be met with resistance from individuals and communities.
*   **Political hurdles:** Implementing sustainable development policies requires international cooperation and overcoming vested interests.

Ultimately, achieving sustainable development necessitates a global commitment to balancing economic progress with environmental stewardship and social equity.",question_30,0.7407870292663574
What are the challenges of cybersecurity?,"<|begin_of_text|><|start_header_id|>user<|end_header_id|>

What are the challenges of cybersecurity?<|eot_id|><|start_header_id|>assistant<|end_header_id|>

","Cybersecurity faces numerous challenges due to the constantly evolving threat landscape and increasing reliance on technology.  * **Increasingly sophisticated attacks:** Cybercriminals are developing more advanced and targeted attacks, making them harder to detect and defend against. * **Shortage of skilled professionals:**  There's a significant gap between the demand for cybersecurity experts and the available talent pool. * **Expanding attack surface:** The growing number of connected devices and the rise of the Internet of Things (IoT) create more vulnerabilities for attackers to exploit. * **Cost of implementation:**  Implementing robust cybersecurity measures can be expensive, particularly for smaller businesses. * **Keeping up with evolving threats:** The rapid pace of technological change makes it difficult for organizations to stay ahead of emerging threats. * **Lack of user awareness:** Human error remains a significant factor in many successful cyberattacks, highlighting the need for better user education. Ultimately, addressing these challenges requires a multi-faceted approach involving technological advancements, increased awareness, and improved collaboration between individuals, organizations, and governments.",question_31,0.8978907465934753
What are the benefits of meditation?,"<|begin_of_text|><|start_header_id|>user<|end_header_id|>

What are the benefits of meditation?<|eot_id|><|start_header_id|>assistant<|end_header_id|>

","Meditation offers a range of potential benefits for mental and physical well-being.  Arguments for meditation include: • Reduced stress and anxiety through calming the mind and promoting relaxation; • Improved focus and attention by training the mind to resist distractions; • Enhanced self-awareness by encouraging introspection and mindful observation of thoughts and feelings.  However, some argue that meditation: • Can be difficult to maintain a regular practice due to time constraints or difficulty focusing; • May not be suitable for individuals with certain mental health conditions, potentially exacerbating symptoms; • May be perceived as ineffective or even frustrating if expectations are unrealistic.  Ultimately, while potential drawbacks exist, the numerous potential benefits of meditation make it a worthwhile practice to explore.",question_32,1.0223462581634521
How can we improve mental health care?,"<|begin_of_text|><|start_header_id|>user<|end_header_id|>

How can we improve mental health care?<|eot_id|><|start_header_id|>assistant<|end_header_id|>

","Improving mental health care requires a multifaceted approach addressing accessibility, affordability, and reducing stigma.  *Arguments for improvements include:* • Increased funding for mental health services allows for more affordable and accessible care. • Expanding telehealth options broadens access, particularly for individuals in rural or underserved areas.  • Implementing early intervention programs in schools and communities can prevent mental health issues from escalating. *Arguments against extensive improvements can be:* •  Increased funding may lead to higher taxes or require reallocation of resources from other important areas. •  Telehealth may not be suitable for all individuals or conditions, requiring in-person care. •  Early intervention programs can be costly and require specialized training for personnel. Ultimately, a balance must be struck between resource allocation, program efficacy, and addressing the diverse needs of individuals seeking mental health care.",question_33,1.1171019077301025
What are the effects of social media on mental health?,"<|begin_of_text|><|start_header_id|>user<|end_header_id|>

What are the effects of social media on mental health?<|eot_id|><|start_header_id|>assistant<|end_header_id|>

","Social media's impact on mental health is complex and multifaceted, presenting both benefits and drawbacks.

Arguments for positive effects:

* **Increased social connection:** Platforms can help individuals maintain relationships and build new ones, combating loneliness and fostering a sense of belonging.
* **Access to support and information:** Online communities can provide valuable resources and peer support for mental health challenges.
* **Enhanced self-expression and creativity:** Social media offers avenues for creative expression and sharing personal experiences, potentially boosting self-esteem.

Arguments for negative effects:

* **Cyberbullying and online harassment:**  Exposure to negativity and abuse can lead to increased anxiety, depression, and low self-worth.
* **Social comparison and upward social comparison:**  Constantly viewing curated, idealized versions of others' lives can fuel feelings of inadequacy and envy.
* **Addiction and fear of missing out (FOMO):**  Excessive social media use can disrupt sleep, reduce productivity, and contribute to anxiety and depression.

Ultimately, the effects of social media on mental health depend on various factors, including individual usage patterns, platform choices, and pre-existing mental health conditions.",question_34,1.0997151136398315
What are the arguments for and against universal health care?,"<|begin_of_text|><|start_header_id|>user<|end_header_id|>

What are the arguments for and against universal health care?<|eot_id|><|start_header_id|>assistant<|end_header_id|>

","Universal health care aims to provide healthcare coverage to all citizens, regardless of their socioeconomic status.  Arguments in favor include: • Increased access to preventative care, leading to earlier diagnosis and treatment of diseases; • Reduced financial burden on individuals and families, eliminating medical debt and improving financial stability; • A healthier workforce, boosting productivity and economic growth.  Arguments against universal health care include: • Increased wait times for certain procedures due to higher demand; • Potential for higher taxes to fund the system, impacting taxpayers' disposable income; • Concerns about government bureaucracy and potential inefficiencies in managing a large-scale healthcare system. Ultimately, the decision of whether to implement universal health care involves weighing the potential benefits of improved public health against the potential costs and challenges of implementation.",question_35,1.0088980197906494
How can we address the problem of plastic pollution?,"<|begin_of_text|><|start_header_id|>user<|end_header_id|>

How can we address the problem of plastic pollution?<|eot_id|><|start_header_id|>assistant<|end_header_id|>

","Plastic pollution poses a significant threat to our environment and requires a multifaceted approach.  Arguments for tackling this issue include: • Reducing plastic consumption through reusable alternatives and mindful purchasing; • Improving waste management systems with better recycling infrastructure and composting programs; • Promoting biodegradable and compostable plastic alternatives.  However, some argue against certain solutions: • Bioplastics may not degrade as effectively as advertised and require specific composting conditions; • Recycling infrastructure can be expensive and complex to implement effectively; • Shifting consumer behavior requires significant public awareness and education campaigns which can be challenging.  Ultimately, addressing plastic pollution requires collaborative efforts from individuals, industries, and governments.",question_36,0.9405826330184937
What are the ethical implications of cloning?,"<|begin_of_text|><|start_header_id|>user<|end_header_id|>

What are the ethical implications of cloning?<|eot_id|><|start_header_id|>assistant<|end_header_id|>

","Cloning presents complex ethical dilemmas, raising questions about identity, autonomy, and the very definition of life.  Arguments for cloning include potential medical advancements like organ transplantation and genetic disease eradication, offering infertile couples a chance at biological parenthood, and the possibility of resurrecting endangered species.  However, arguments against cloning cite concerns about the potential for exploitation and abuse of clones, the diminishment of genetic diversity, and the violation of religious and philosophical beliefs about the sanctity of life.  Ultimately, the ethical implications of cloning require careful consideration and ongoing debate as technology advances.",question_37,1.1468294858932495
What are the different viewpoints on immigration?,"<|begin_of_text|><|start_header_id|>user<|end_header_id|>

What are the different viewpoints on immigration?<|eot_id|><|start_header_id|>assistant<|end_header_id|>

","Immigration is a complex issue with diverse perspectives, often centering around economic, social, and cultural impacts.  Arguments for immigration often highlight its potential to boost economic growth, enrich cultural diversity, and address labor shortages. * Immigrants contribute to the economy by filling jobs, starting businesses, and paying taxes. *  Immigration enriches society by bringing in new perspectives, ideas, and traditions. *  Immigration can help address labor shortages in specific sectors, such as healthcare and agriculture.  However, arguments against immigration frequently raise concerns about potential strain on social services, wage depression for low-skilled workers, and cultural integration challenges. *  Increased immigration may strain public resources like schools, hospitals, and infrastructure. *  An influx of low-skilled workers could potentially depress wages for native-born workers in similar fields. *  Large-scale immigration can pose challenges to social cohesion and cultural integration.  Ultimately, viewpoints on immigration are shaped by a complex interplay of economic, social, and cultural factors.",question_38,1.1444350481033325
